{
  "seven__PCF": 999.263693206478,
  "ara__GX": 953.4387739660466,
  "LewN__KC": 999.3299479464104,
  "CyvOph__FNC": 984.0,
  "Kolosha__NAVI": 1015.2329012849746,
  "Alfajer__FNC": 968.0969813072151,
  "bipo__M8": 1015.263693206478,
  "marteen__M8": 1031.9676533902368,
  "MiniBoo__TL": 1000.7379366054172,
  "xeus__FUT": 1031.9661669788793,
  "Favian__EF": 985.4356573382206,
  "Lar0k__BBL": 1032.0,
  "cNed__PCF": 983.2975295856295,
  "s0pp__FUT": 1016.736306793522,
  "Wo0t__TH": 967.2651081552062,
  "Izzy__EF": 1015.9676502352858,
  "westside__GX": 1031.263693206478,
  "kamo__TL": 984.0,
  "Derke__VIT": 984.736306793522
}